<?xml version="1.0" encoding="UTF-8"?>

<!DOCTYPE log4j:configuration SYSTEM "log4j.dtd">
<log4j:configuration xmlns:log4j='http://jakarta.apache.org/log4j/'>
	<appender name="Console" class="org.apache.log4j.ConsoleAppender">
		<layout class="org.apache.log4j.PatternLayout">
			<param name="ConversionPattern"
				value="%d [%t] %-5p %c - %m%n" />
		</layout>
	</appender>

	<category name="org.springframework">
		<priority value="DEBUG" />
	</category>
 
	<category name="org.springframework.beans">
		<priority value="DEBUG" />
	</category>
	
	<category name="org.springframework.context">
		<priority value="DEBUG" />
	</category>

	<root>
		<priority value="DEBUG" />
		<appender-ref ref="Console" />
	</root>
</log4j:configuration>