<?xml version="1.0" encoding="UTF-8"?>

<beans xmlns="http://www.springframework.org/schema/beans"
    xmlns:xsi="http://www.w3.org/2001/XMLSchema-instance"
    xmlns:aop="http://www.springframework.org/schema/aop"
    xsi:schemaLocation="http://www.springframework.org/schema/beans
    http://www.springframework.org/schema/beans/spring-beans-3.0.xsd
    http://www.springframework.org/schema/aop 
	http://www.springframework.org/schema/aop/spring-aop-3.0.xsd">
    
    <aop:aspectj-autoproxy/>
    <bean id="AccountingServiceBean" class="lab2.AccountingService"  scope="singleton">
    	<property name="productMap">
			<map>
				<entry key="CA" value="1" />
				<entry key="SF" value="2" />
			</map>
		</property>
    </bean>
    
    <bean id="OrderProcessorBean" class="lab2.OrderProcessor" scope="singleton"></bean>
    <bean id="InventoryServiceBean" class="lab2.InventoryService" scope="singleton" destroy-method="printCurrentInventory">
    	<property name="productList">
    		<list>
    			<ref bean="FirstProduct" />
    			<ref bean="SecondProduct" />
    		</list>
    	</property>
    </bean> 
    <bean id="FirstProduct" class="lab2.Product">
		<property name="name" value="firstProduct" />
		<property name="description" value="This is first product" />
		<property name="price" value="28" />
		<property name="productQty" value="28" />
	</bean>
	<bean id="SecondProduct" class="lab2.Product">
		<property name="name" value="secondProduct" />
		<property name="description" value="This is second product" />
		<property name="price" value="10" />
		<property name="productQty" value="10" />
	</bean>     
    <bean class="org.springframework.beans.factory.annotation.RequiredAnnotationBeanPostProcessor" /> 
	<bean id="productAspect" class="lab2.aspect.ProductAspect"/>
	<bean id="taxAspect" class="lab2.aspect.TaxAspect"/>
</beans>